title,cve_ids,cvss_v3,"Risk,Score",QID,Detection,Comment,https://lists.apache.org/thread/fgggbv3sjjqw7p6q0j88gspt9b2rb728
Red Hat update for kernel,CVE-2026-52972,7,,6056139,Qualys QID,10/5 CH - QID Available | No Exploit/POC known,https://access.redhat.com/errata/RHSA-2026:75747
Red Hat update for kernel,CVE-2026-53230,7,,6056139,Qualys QID,10/5 CH - QID Available | No Exploit/POC known,https://access.redhat.com/errata/RHSA-2026:75747
Red Hat update for kernel,CVE-2025-39994,5.8,,6056139,Qualys QID,10/5 CH - QID Available | No Exploit/POC known,https://access.redhat.com/errata/RHSA-2026:75747
Red Hat update for kernel,CVE-2026-63994,7,,6056139,Qualys QID,10/5 CH - QID Available | No Exploit/POC known,https://access.redhat.com/errata/RHSA-2026:75747
Red Hat update for kernel,CVE-2026-89972,9.8,,6056139,Qualys QID,10/5 CH - QID Available | No Exploit/POC known,https://access.redhat.com/errata/RHSA-2026:75747
Red Hat update for kernel,CVE-2022-50756,7,,6056139,Qualys QID,10/5 CH - QID Available | No Exploit/POC known,https://access.redhat.com/errata/RHSA-2026:75747
Red Hat update for kernel,CVE-2026-74516,7,,6056139,Qualys QID,10/5 CH - QID Available | No Exploit/POC known,https://access.redhat.com/errata/RHSA-2026:75747
Red Hat update for kernel,CVE-2026-80921,8.8,,6056139,Qualys QID,10/5 CH - QID Available | No Exploit/POC known,https://access.redhat.com/errata/RHSA-2026:75747
Red Hat update for kernel,CVE-2026-97417,7.5,,6056139,Qualys QID,10/5 CH - QID Available | No Exploit/POC known,https://access.redhat.com/errata/RHSA-2026:75747
Red Hat update for kernel,CVE-2026-74746,7,,6056139,Qualys QID,10/5 CH - QID Available | No Exploit/POC known,https://access.redhat.com/errata/RHSA-2026:75747
Red Hat update for kernel,CVE-2025-40242,5.9,,6056139,Qualys QID,10/5 CH - QID Available | No Exploit/POC known,https://access.redhat.com/errata/RHSA-2026:75747
Red Hat update for kernel,CVE-2026-46319,7.5,,6056139,Qualys QID,10/5 CH - QID Available | No Exploit/POC known,https://access.redhat.com/errata/RHSA-2026:75747
Red Hat update for kernel,CVE-2026-89481,7,,6056139,Qualys QID,10/5 CH - QID Available | No Exploit/POC known,https://access.redhat.com/errata/RHSA-2026:75747
Red Hat update for kernel,CVE-2026-90227,7.8,,6056139,Qualys QID,10/5 CH - QID Available | No Exploit/POC known,https://access.redhat.com/errata/RHSA-2026:75747
Red Hat update for kernel,CVE-2026-23105,7.8,,6056139,Qualys QID,10/5 CH - QID Available | No Exploit/POC known,https://access.redhat.com/errata/RHSA-2026:75747
Red Hat update for kernel,CVE-2026-63992,7,,6056139,Qualys QID,10/5 CH - QID Available | No Exploit/POC known,https://access.redhat.com/errata/RHSA-2026:75747
Red Hat update for kernel,CVE-2026-53049,7,,6056139,Qualys QID,10/5 CH - QID Available | No Exploit/POC known,https://access.redhat.com/errata/RHSA-2026:75747
Red Hat update for kernel,CVE-2026-45861,7,,6056139,Qualys QID,10/5 CH - QID Available | No Exploit/POC known,https://access.redhat.com/errata/RHSA-2026:75747
Red Hat update for kernel,CVE-2026-63829,8.8,,6056139,Qualys QID,10/5 CH - QID Available | No Exploit/POC known,https://access.redhat.com/errata/RHSA-2026:75747
Red Hat update for kernel,CVE-2026-74744,8.8,,6056139,Qualys QID,10/5 CH - QID Available | No Exploit/POC known,https://access.redhat.com/errata/RHSA-2026:75747
Red Hat update for kernel,CVE-2026-68432,7,,6056139,Qualys QID,10/5 CH - QID Available | No Exploit/POC known,https://access.redhat.com/errata/RHSA-2026:75747
Red Hat update for kernel,CVE-2026-72052,8.8,,6056139,Qualys QID,10/5 CH - QID Available | No Exploit/POC known,https://access.redhat.com/errata/RHSA-2026:75747
Red Hat update for nodejs:22,CVE-2026-9496,7.5,,6056140,Qualys QID,10/5 CH - QID Available | No Exploit/POC known,https://access.redhat.com/errata/RHSA-2026:75870
Red Hat update for nodejs:22,CVE-2026-19534,7.5,,6056140,Qualys QID,10/5 CH - QID Available | No Exploit/POC known,https://access.redhat.com/errata/RHSA-2026:75870
Red Hat update for kernel,CVE-2025-39964,7.8,,6055939,Qualys QID,10/5 CH - QID Available | No Exploit/POC known,https://access.redhat.com/errata/RHSA-2026:71569
Red Hat update for kernel,CVE-2026-74469,7.8,,6055939,Qualys QID,10/5 CH - QID Available | No Exploit/POC known,https://access.redhat.com/errata/RHSA-2026:71569
Red Hat update for kernel,CVE-2026-68121,7.3,,6055939,Qualys QID,10/5 CH - QID Available | No Exploit/POC known,https://access.redhat.com/errata/RHSA-2026:71569
Red Hat update for kernel,CVE-2026-81000,7.8,,6055939,Qualys QID,10/5 CH - QID Available | No Exploit/POC known,https://access.redhat.com/errata/RHSA-2026:71569
Red Hat update for kernel,CVE-2026-53266,8.8,,6055939,Qualys QID,10/5 CH - QID Available | No Exploit/POC known,https://access.redhat.com/errata/RHSA-2026:71569
Red Hat update for libxml2,CVE-2026-86138,7.8,,6055972,Qualys QID,10/5 CH - QID Available | No Exploit/POC known,https://access.redhat.com/errata/RHSA-2026:71585
Red Hat update for libxml2,CVE-2026-74860,8.5,,6055972,Qualys QID,10/5 CH - QID Available | No Exploit/POC known,https://access.redhat.com/errata/RHSA-2026:71585
Red Hat update for libxml2,CVE-2026-86140,7.8,,6055972,Qualys QID,10/5 CH - QID Available | No Exploit/POC known,https://access.redhat.com/errata/RHSA-2026:71585
Red Hat update for libxml2,CVE-2026-86144,7.8,,6055972,Qualys QID,10/5 CH - QID Available | No Exploit/POC known,https://access.redhat.com/errata/RHSA-2026:71585
Red Hat update for libxml2,CVE-2026-86142,6.9,,6055972,Qualys QID,10/5 CH - QID Available | No Exploit/POC known,https://access.redhat.com/errata/RHSA-2026:71585
Red Hat update for libxml2,CVE-2026-86143,7.3,,6055972,Qualys QID,10/5 CH - QID Available | No Exploit/POC known,https://access.redhat.com/errata/RHSA-2026:71585
Red Hat update for kernel,CVE-2026-72261,7.8,,6055917,Qualys QID,10/5 CH - QID Available | No Exploit/POC known,https://access.redhat.com/errata/RHSA-2026:71213
Red Hat update for kernel,CVE-2026-64564,7.8,,6055917,Qualys QID,10/5 CH - QID Available | No Exploit/POC known,https://access.redhat.com/errata/RHSA-2026:71213
Red Hat update for kernel,CVE-2026-43370,7,,6055917,Qualys QID,10/5 CH - QID Available | No Exploit/POC known,https://access.redhat.com/errata/RHSA-2026:71213
Red Hat update for kernel,CVE-2026-63831,8.8,,6055917,Qualys QID,10/5 CH - QID Available | No Exploit/POC known,https://access.redhat.com/errata/RHSA-2026:71213
Red Hat update for kernel,CVE-2026-89846,7.1,,6055917,Qualys QID,10/5 CH - QID Available | No Exploit/POC known,https://access.redhat.com/errata/RHSA-2026:71213
Red Hat update for kernel,CVE-2026-68201,7.3,,6055917,Qualys QID,10/5 CH - QID Available | No Exploit/POC known,https://access.redhat.com/errata/RHSA-2026:71213
Red Hat update for kernel,CVE-2026-64534,7,,6055917,Qualys QID,10/5 CH - QID Available | No Exploit/POC known,https://access.redhat.com/errata/RHSA-2026:71213
Red Hat update for kernel,CVE-2026-63802,7,,6055917,Qualys QID,10/5 CH - QID Available | No Exploit/POC known,https://access.redhat.com/errata/RHSA-2026:71213
Red Hat update for kernel,CVE-2026-53005,7,,6055917,Qualys QID,10/5 CH - QID Available | No Exploit/POC known,https://access.redhat.com/errata/RHSA-2026:71213
Red Hat update for kernel,CVE-2026-23007,4.7,,6055917,Qualys QID,10/5 CH - QID Available | No Exploit/POC known,https://access.redhat.com/errata/RHSA-2026:71213
Red Hat update for kernel,CVE-2026-64383,9.8,,6055917,Qualys QID,10/5 CH - QID Available | No Exploit/POC known,https://access.redhat.com/errata/RHSA-2026:71213
Red Hat update for kernel,CVE-2026-64053,7,,6055917,Qualys QID,10/5 CH - QID Available | No Exploit/POC known,https://access.redhat.com/errata/RHSA-2026:71213
Red Hat update for kernel,CVE-2026-72243,7,,6055917,Qualys QID,10/5 CH - QID Available | No Exploit/POC known,https://access.redhat.com/errata/RHSA-2026:71213
Red Hat Ansible Automation Platform Multiple Vulnerabilities,CVE-2026-84719,9.9,,6055906,Qualys QID,10/5 CH - QID Available | No Exploit/POC known,https://access.redhat.com/errata/RHSA-2026:71115
Red Hat Ansible Automation Platform Multiple Vulnerabilities,CVE-2026-84502,9.9,,6055906,Qualys QID,10/5 CH - QID Available | No Exploit/POC known,https://access.redhat.com/errata/RHSA-2026:71115
Red Hat Ansible Automation Platform Multiple Vulnerabilities,CVE-2026-12564,9.6,,6055906,Qualys QID,10/5 CH - QID Available | No Exploit/POC known,https://access.redhat.com/errata/RHSA-2026:71115
Red Hat Ansible Automation Platform Multiple Vulnerabilities,CVE-2026-84684,7,,6055906,Qualys QID,10/5 CH - QID Available | No Exploit/POC known,https://access.redhat.com/errata/RHSA-2026:71115
Red Hat Ansible Automation Platform Multiple Vulnerabilities,CVE-2026-84474,9.9,,6055906,Qualys QID,10/5 CH - QID Available | No Exploit/POC known,https://access.redhat.com/errata/RHSA-2026:71115
Red Hat Ansible Automation Platform Multiple Vulnerabilities,CVE-2026-84711,7,,6055906,Qualys QID,10/5 CH - QID Available | No Exploit/POC known,https://access.redhat.com/errata/RHSA-2026:71115
Red Hat Ansible Automation Platform Multiple Vulnerabilities,CVE-2026-75884,9.1,,6055906,Qualys QID,10/5 CH - QID Available | No Exploit/POC known,https://access.redhat.com/errata/RHSA-2026:71115
Red Hat Ansible Automation Platform Multiple Vulnerabilities,CVE-2026-84638,not available,,6055906,Qualys QID,10/5 CH - QID Available | No Exploit/POC known,https://access.redhat.com/errata/RHSA-2026:71115
Atlassian Arbitrary File Access Vulnerability,CVE-2026-21589,9.3,89,"735702, 735703, 735704, 388903, 388907",Qualys Pipeline,"10/5 CH - QID in Pipeline |  Exploit reported, no known POC released","https://jira.atlassian.com/browse/JRASERVER-79546
https://jira.atlassian.com/browse/BAM-26567
https://jira.atlassian.com/browse/CONFSERVER-104488
https://jira.atlassian.com/browse/BSERV-20604
https://jira.atlassian.com/browse/JSDSERVER-16809"
